name,CMC,Type,Color,Set,Collector Number,Rarity,Color Category,status,Finish,board,maybeboard,image URL,image Back URL,tags,Notes,MTGO ID,Custom,Voucher
"Adagia, Windswept Bastion",0,Land — Planet,,EOE,250,Mythic,W,,Non-Foil,mainboard,false,https://cards.scryfall.io/normal/front/c/6/c634273a-94b0-4104-9d10-ae522ece1fc7.jpg?1782685412,,,,143113,false,false
All-Fates Scroll,3,Artifact,,EOE,234,Uncommon,C,,Non-Foil,mainboard,false,https://cards.scryfall.io/normal/front/3/a/3a5ed010-cb17-45df-b169-ebc807dae534.jpg?1782685422,,,,143081,false,false
All-Fates Stalker,4,Creature — Drix Assassin,W,EOE,3,Uncommon,W,,Non-Foil,mainboard,false,https://cards.scryfall.io/normal/front/8/2/82ae4f7b-8122-4af6-8079-888eabf1a11e.jpg?1782685585,,,,142619,false,false
"Alpharael, Dreaming Acolyte",3,Legendary Creature — Human Cleric,BU,EOE,212,Uncommon,M,,Non-Foil,mainboard,false,https://cards.scryfall.io/normal/front/3/4/349a2211-2b23-418d-a1ef-1c72ad2e171d.jpg?1782685437,,,,143037,false,false
"Alpharael, Stonechosen",5,Legendary Creature — Human Cleric,B,EOE,87,Mythic,B,,Non-Foil,mainboard,false,https://cards.scryfall.io/normal/front/3/3/33063d26-37f7-4e35-8da2-5770dfabdc41.jpg?1782685526,,,,142787,false,false
Annul,1,Instant,U,EOE,46,Uncommon,U,,Non-Foil,mainboard,false,https://cards.scryfall.io/normal/front/4/f/4feeebea-aa55-4599-ab5a-4e41a54d0dfd.jpg?1782685555,,,,142705,false,false
Anticausal Vestige,6,Creature — Eldrazi,,EOE,1,Rare,C,,Non-Foil,mainboard,false,https://cards.scryfall.io/normal/front/3/5/35372b69-6086-44e0-9f7c-681e362e5142.jpg?1782685586,,,,142615,false,false
Archenemy's Charm,3,Instant,B,EOE,88,Rare,B,,Non-Foil,mainboard,false,https://cards.scryfall.io/normal/front/d/c/dcde5f27-e2f0-4d2a-afa3-f300896ec4b1.jpg?1782685526,,,,142789,false,false
Astelli Reclaimer,5,Creature — Angel Warrior,W,EOE,4,Rare,W,,Non-Foil,mainboard,false,https://cards.scryfall.io/normal/front/4/f/4fb36405-cd28-432f-b0a4-e74ff8be928d.jpg?1782685584,,,,142621,false,false
Atmospheric Greenhouse,5,Artifact — Spacecraft,G,EOE,171,Uncommon,G,,Non-Foil,mainboard,false,https://cards.scryfall.io/normal/front/b/f/bf05e378-7a0c-49e3-8c6e-c0fd56796434.jpg?1782685465,,,,142955,false,false
Atomic Microsizer,1,Artifact — Equipment,U,EOE,47,Uncommon,U,,Non-Foil,mainboard,false,https://cards.scryfall.io/normal/front/3/5/3554f0c7-ea73-43e9-a061-bbb8ef6abce1.jpg?1782685554,,,,142707,false,false
Auxiliary Boosters,5,Artifact — Equipment,W,EOE,5,Common,W,,Non-Foil,mainboard,false,https://cards.scryfall.io/normal/front/4/3/43706295-afd6-442c-8828-8cf978152701.jpg?1782685582,,,,142623,false,false
Banishing Light,3,Enchantment,W,EOE,6,Common,W,,Non-Foil,mainboard,false,https://cards.scryfall.io/normal/front/c/4/c45f11cd-a0aa-4d14-aa21-57f0969f3e2b.jpg?1782685581,,,,142625,false,false
Beamsaw Prospector,2,Creature — Human Artificer,B,EOE,89,Common,B,,Non-Foil,mainboard,false,https://cards.scryfall.io/normal/front/6/f/6f717a3f-c6db-4e8d-8b62-6361ab33d000.jpg?1782685524,,,,142791,false,false
Beyond the Quiet,5,Sorcery,W,EOE,7,Rare,W,,Non-Foil,mainboard,false,https://cards.scryfall.io/normal/front/c/e/ce503869-8130-4afe-9691-4e90376b4bc4.jpg?1782685581,,,,142627,false,false
Bioengineered Future,3,Enchantment,G,EOE,172,Rare,G,,Non-Foil,mainboard,false,https://cards.scryfall.io/normal/front/8/0/800ee479-c1dc-4dd0-9b98-436c78997958.jpg?1782685465,,,,142957,false,false
Biomechan Engineer,2,Creature — Insect Artificer,GU,EOE,213,Uncommon,M,,Non-Foil,mainboard,false,https://cards.scryfall.io/normal/front/7/e/7edcef2c-029c-46bd-bfeb-ff56a57dd63a.jpg?1782685437,,,,143039,false,false
Biosynthic Burst,2,Instant,G,EOE,173,Common,G,,Non-Foil,mainboard,false,https://cards.scryfall.io/normal/front/6/d/6d73a4a8-5d52-4c12-a96a-45cd202bcc62.jpg?1782685465,,,,142959,false,false
Biotech Specialist,2,Creature — Insect Scientist,GR,EOE,214,Rare,M,,Non-Foil,mainboard,false,https://cards.scryfall.io/normal/front/1/2/127c221f-94e7-4a0e-a7a6-79ef399862d3.jpg?1782685437,,,,143041,false,false
Blade of the Swarm,4,Creature — Insect Assassin,B,EOE,90,Uncommon,B,,Non-Foil,mainboard,false,https://cards.scryfall.io/normal/front/b/1/b157330a-2652-4ed9-b8fa-8e72b4eda15c.jpg?1782685524,,,,142793,false,false
Blooming Stinger,2,Creature — Plant Scorpion,G,EOE,174,Common,G,,Non-Foil,mainboard,false,https://cards.scryfall.io/normal/front/2/e/2ee859bd-d99c-4b1d-9372-7ff4fc1e8c6a.jpg?1782685465,,,,142961,false,false
Bombard,3,Instant,R,EOE,129,Common,R,,Non-Foil,mainboard,false,https://cards.scryfall.io/normal/front/2/9/29492df8-3077-4ded-a6e2-51d3bd4669b4.jpg?1782685497,,,,142871,false,false
Breeding Pool,0,Land — Forest Island,,EOE,251,Rare,M,,Non-Foil,mainboard,false,https://cards.scryfall.io/normal/front/3/c/3c750d5a-f743-41ff-b5ba-02025ca0bec2.jpg?1782685411,,,,143115,false,false
Brightspear Zealot,3,Creature — Human Soldier,W,EOE,8,Common,W,,Non-Foil,mainboard,false,https://cards.scryfall.io/normal/front/e/7/e7f7541a-5910-4f33-8c1d-3507ce3a426e.jpg?1782685580,,,,142629,false,false
Broodguard Elite,2,Creature — Insect Knight,G,EOE,175,Uncommon,G,,Non-Foil,mainboard,false,https://cards.scryfall.io/normal/front/0/8/08b1d019-65ab-4dea-9076-041fd6338a35.jpg?1782685465,,,,142963,false,false
Bygone Colossus,9,Artifact Creature — Robot Giant,,EOE,235,Uncommon,C,,Non-Foil,mainboard,false,https://cards.scryfall.io/normal/front/4/b/4bb8f2ef-4398-4a07-9130-5005356a3b4a.jpg?1782685421,,,,143083,false,false
Cerebral Download,5,Instant,U,EOE,48,Uncommon,U,,Non-Foil,mainboard,false,https://cards.scryfall.io/normal/front/4/d/4d3b5d73-694c-4f9a-8b4f-d8d8c58c8d65.jpg?1782685553,,,,142709,false,false
Chorale of the Void,4,Enchantment — Aura,B,EOE,91,Rare,B,,Non-Foil,mainboard,false,https://cards.scryfall.io/normal/front/7/3/7389fe88-f6ff-4497-a037-9ca283fb89e3.jpg?1782685523,,,,142795,false,false
Chrome Companion,2,Artifact Creature — Dog,,EOE,236,Common,C,,Non-Foil,mainboard,false,https://cards.scryfall.io/normal/front/8/e/8ef269a0-1cb9-4901-81e6-43db3ae3756c.jpg?1782685420,,,,143085,false,false
Close Encounter,2,Instant,G,EOE,176,Uncommon,G,,Non-Foil,mainboard,false,https://cards.scryfall.io/normal/front/a/8/a8a77351-9115-470f-8141-222c1916b337.jpg?1782685464,,,,142965,false,false
Cloudsculpt Technician,3,Creature — Jellyfish Artificer,U,EOE,49,Common,U,,Non-Foil,mainboard,false,https://cards.scryfall.io/normal/front/5/1/51077a54-15cf-4088-8e84-088d72e8e861.jpg?1782685553,,,,142711,false,false
Codecracker Hound,3,Creature — Dog,U,EOE,50,Uncommon,U,,Non-Foil,mainboard,false,https://cards.scryfall.io/normal/front/6/7/6723b891-6013-4ec6-b439-2233d270dc48.jpg?1782685552,,,,142713,false,false
Comet Crawler,3,Creature — Insect Horror,B,EOE,92,Common,B,,Non-Foil,mainboard,false,https://cards.scryfall.io/normal/front/b/e/becca990-ab2e-4aa4-be7d-293ec727cb08.jpg?1782685523,,,,142797,false,false
Command Bridge,0,Land,,EOE,252,Common,C,,Non-Foil,mainboard,false,https://cards.scryfall.io/normal/front/2/4/247670d2-a7cd-4ed7-9c77-704c7962b815.jpg?1782685411,,,,143117,false,false
Consult the Star Charts,2,Instant,U,EOE,51,Rare,U,,Non-Foil,mainboard,false,https://cards.scryfall.io/normal/front/a/1/a16a6555-2e3a-4587-aacd-0307d696b26c.jpg?1782685552,,,,142715,false,false
Cosmogoyf,2,Creature — Elemental Lhurgoyf,BG,EOE,215,Rare,M,,Non-Foil,mainboard,false,https://cards.scryfall.io/normal/front/5/e/5e07d3c6-60a5-44d1-a926-6414be85bd50.jpg?1782685436,,,,143043,false,false
Cosmogrand Zenith,3,Creature — Human Soldier,W,EOE,9,Mythic,W,,Non-Foil,mainboard,false,https://cards.scryfall.io/normal/front/b/3/b3c1e5e3-4e6b-456a-958c-7a75c38f8183.jpg?1782685580,,,,142631,false,false
Cryogen Relic,2,Artifact,U,EOE,52,Common,U,,Non-Foil,mainboard,false,https://cards.scryfall.io/normal/front/7/b/7bfb33b6-e2bf-498f-8c58-ae21a840cf75.jpg?1782685551,,,,142717,false,false
Cryoshatter,1,Enchantment — Aura,U,EOE,53,Common,U,,Non-Foil,mainboard,false,https://cards.scryfall.io/normal/front/7/b/7b62b1e2-9e43-4a66-a647-7e5de2871f2a.jpg?1782685550,,,,142719,false,false
Cut Propulsion,3,Instant,R,EOE,130,Uncommon,R,,Non-Foil,mainboard,false,https://cards.scryfall.io/normal/front/d/9/d96f1c41-3d11-48a8-b962-db46a2d054de.jpg?1782685496,,,,142873,false,false
Dark Endurance,2,Instant,B,EOE,93,Common,B,,Non-Foil,mainboard,false,https://cards.scryfall.io/normal/front/f/a/fac87b49-a0cd-42d5-b30a-efc6d5526fc3.jpg?1782685523,,,,142799,false,false
Dauntless Scrapbot,3,Artifact Creature — Robot,,EOE,237,Uncommon,C,,Non-Foil,mainboard,false,https://cards.scryfall.io/normal/front/0/e/0efe5342-42b7-4f49-b4b4-d77055508c4d.jpg?1782685420,,,,143087,false,false
"Dawnsire, Sunstar Dreadnought",5,Legendary Artifact — Spacecraft,,EOE,238,Mythic,C,,Non-Foil,mainboard,false,https://cards.scryfall.io/normal/front/6/1/6133355c-3dcf-466a-b771-fe6c44d4fa4d.jpg?1782685420,,,,143089,false,false
Dawnstrike Vanguard,6,Creature — Human Knight,W,EOE,10,Uncommon,W,,Non-Foil,mainboard,false,https://cards.scryfall.io/normal/front/5/a/5a041722-9483-469f-9c17-7f0253b0db50.jpg?1782685579,,,,142633,false,false
Debris Field Crusher,5,Artifact — Spacecraft,R,EOE,131,Uncommon,R,,Non-Foil,mainboard,false,https://cards.scryfall.io/normal/front/e/a/ea713f35-6442-4388-8839-2714374fb4b6.jpg?1782685496,,,,142875,false,false
Decode Transmissions,3,Sorcery,B,EOE,94,Common,B,,Non-Foil,mainboard,false,https://cards.scryfall.io/normal/front/c/e/cecb4936-14ca-49f9-b209-6519cab54b30.jpg?1782685521,,,,142801,false,false
Depressurize,2,Instant,B,EOE,95,Common,B,,Non-Foil,mainboard,false,https://cards.scryfall.io/normal/front/2/5/25520d5a-1a83-42cc-8ace-8b1156019d64.jpg?1782685521,,,,142803,false,false
Desculpting Blast,2,Instant,U,EOE,54,Uncommon,U,,Non-Foil,mainboard,false,https://cards.scryfall.io/normal/front/7/7/77fdbf32-b5f4-4346-846d-d8e0e53e6e53.jpg?1782685549,,,,142721,false,false
Devastating Onslaught,1,Sorcery,R,EOE,132,Mythic,R,,Non-Foil,mainboard,false,https://cards.scryfall.io/normal/front/f/c/fc779971-24e2-46a8-86be-16f0b244a3d2.jpg?1782685495,,,,142877,false,false
Diplomatic Relations,3,Instant,G,EOE,177,Common,G,,Non-Foil,mainboard,false,https://cards.scryfall.io/normal/front/e/0/e0a104c5-61fb-4733-97ab-a31a15a49443.jpg?1782685463,,,,142967,false,false
Divert Disaster,2,Instant,U,EOE,55,Common,U,,Non-Foil,mainboard,false,https://cards.scryfall.io/normal/front/c/5/c5f7d2fe-628b-4493-8281-0e5f91ce5d61.jpg?1782685548,,,,142723,false,false
Dockworker Drone,2,Artifact Creature — Robot,W,EOE,11,Common,W,,Non-Foil,mainboard,false,https://cards.scryfall.io/normal/front/e/e/eeff069f-427b-42ad-afb1-36f0e547fb74.jpg?1782685578,,,,142635,false,false
Drill Too Deep,2,Instant,R,EOE,133,Common,R,,Non-Foil,mainboard,false,https://cards.scryfall.io/normal/front/b/9/b9d3b6e8-47c8-49e3-b204-8b659e127bde.jpg?1782685494,,,,142879,false,false
Drix Fatemaker,4,Creature — Drix Wizard,G,EOE,178,Common,G,,Non-Foil,mainboard,false,https://cards.scryfall.io/normal/front/1/b/1beb7566-305e-4091-bdc4-cf4c789ac05a.jpg?1782685463,,,,142969,false,false
Dual-Sun Adepts,3,Creature — Human Soldier,W,EOE,12,Uncommon,W,,Non-Foil,mainboard,false,https://cards.scryfall.io/normal/front/c/7/c7e8c830-77ae-437f-8e28-ce61c5fde6b6.jpg?1782685578,,,,142637,false,false
Dual-Sun Technique,2,Instant,W,EOE,13,Uncommon,W,,Non-Foil,mainboard,false,https://cards.scryfall.io/normal/front/f/8/f8931132-391f-4f16-b480-0a245ab2ec21.jpg?1782685578,,,,142639,false,false
Dubious Delicacy,3,Artifact — Food,B,EOE,96,Uncommon,B,,Non-Foil,mainboard,false,https://cards.scryfall.io/normal/front/1/5/153265b4-0ca4-4245-9226-dd1a083ec91c.jpg?1782685520,,,,142805,false,false
"Dyadrine, Synthesis Amalgam",2,Legendary Artifact Creature — Construct,GW,EOE,216,Rare,M,,Non-Foil,mainboard,false,https://cards.scryfall.io/normal/front/9/9/994ca692-7138-4dcb-bf46-5da530f86036.jpg?1782685436,,,,143045,false,false
Edge Rover,1,Artifact Creature — Robot Scout,G,EOE,179,Uncommon,G,,Non-Foil,mainboard,false,https://cards.scryfall.io/normal/front/9/0/90741ec9-6893-42d4-b510-8664666094e3.jpg?1782685460,,,,142971,false,false
Elegy Acolyte,4,Creature — Human Cleric,B,EOE,97,Rare,B,,Non-Foil,mainboard,false,https://cards.scryfall.io/normal/front/c/6/c69ed7c7-1f49-4299-b3e6-75150258ac59.jpg?1782685519,,,,142807,false,false
Embrace Oblivion,1,Sorcery,B,EOE,98,Common,B,,Non-Foil,mainboard,false,https://cards.scryfall.io/normal/front/3/7/3754fc20-7aaa-437d-97df-d6cf1c29586c.jpg?1782685518,,,,142809,false,false
Emergency Eject,3,Instant,W,EOE,14,Uncommon,W,,Non-Foil,mainboard,false,https://cards.scryfall.io/normal/front/f/c/fc98b2d4-86fc-4c47-b2a7-1f3c89463607.jpg?1782685577,,,,142641,false,false
Emissary Escort,2,Artifact Creature — Robot Soldier,U,EOE,56,Rare,U,,Non-Foil,mainboard,false,https://cards.scryfall.io/normal/front/b/5/b52ba87f-3ac7-4f32-901c-d089df979f94.jpg?1782685548,,,,142725,false,false
Entropic Battlecruiser,4,Artifact — Spacecraft,B,EOE,99,Rare,B,,Non-Foil,mainboard,false,https://cards.scryfall.io/normal/front/c/c/cc59796b-9025-44b6-a188-cf6684ebffb9.jpg?1782685517,,,,142811,false,false
Eumidian Terrabotanist,2,Creature — Insect Druid,G,EOE,180,Uncommon,G,,Non-Foil,mainboard,false,https://cards.scryfall.io/normal/front/6/4/64fb2981-86ed-478a-89cd-c6bb078a5bc7.jpg?1782685460,,,,142973,false,false
Eusocial Engineering,5,Enchantment,G,EOE,181,Uncommon,G,,Non-Foil,mainboard,false,https://cards.scryfall.io/normal/front/0/1/011bd7d8-6d60-482a-91b7-d3f0aad13b71.jpg?1782685459,,,,142975,false,false
"Evendo, Waking Haven",0,Land — Planet,,EOE,253,Mythic,G,,Non-Foil,mainboard,false,https://cards.scryfall.io/normal/front/2/f/2fa09104-acbe-4410-b101-2fe6ac28efde.jpg?1782685410,,,,143119,false,false
Exalted Sunborn,5,Creature — Angel Wizard,W,EOE,15,Mythic,W,,Non-Foil,mainboard,false,https://cards.scryfall.io/normal/front/7/e/7e1fe101-f634-41e5-9aa4-e8d7474535dc.jpg?1782685576,,,,142643,false,false
Exosuit Savior,3,Creature — Human Soldier,W,EOE,16,Common,W,,Non-Foil,mainboard,false,https://cards.scryfall.io/normal/front/8/2/826c0455-a6ce-43ad-bd5c-0a5df169da90.jpg?1782685576,,,,142645,false,false
Extinguisher Battleship,8,Artifact — Spacecraft,,EOE,242,Rare,C,,Non-Foil,mainboard,false,https://cards.scryfall.io/normal/front/5/5/5541cdd2-84a6-4667-83eb-fffbe5b3cd3d.jpg?1782685416,,,,143097,false,false
Faller's Faithful,3,Creature — Human Wizard,B,EOE,100,Uncommon,B,,Non-Foil,mainboard,false,https://cards.scryfall.io/normal/front/c/b/cbb1b46f-72e0-4c2f-8012-74529bd29a0d.jpg?1782685516,,,,142813,false,false
Famished Worldsire,8,Creature — Leviathan,G,EOE,182,Mythic,G,,Non-Foil,mainboard,false,https://cards.scryfall.io/normal/front/2/9/2934c9c8-d23a-462b-83d5-94e88c8663ac.jpg?1782685459,,,,142977,false,false
Fell Gravship,3,Artifact — Spacecraft,B,EOE,101,Uncommon,B,,Non-Foil,mainboard,false,https://cards.scryfall.io/normal/front/e/9/e94b130d-3547-43c5-a319-5ebc571c2e2d.jpg?1782685516,,,,142815,false,false
Flight-Deck Coordinator,3,Creature — Human Soldier,W,EOE,17,Common,W,,Non-Foil,mainboard,false,https://cards.scryfall.io/normal/front/8/8/88cc6328-a035-4f74-b786-390e5c7c324c.jpg?1782685574,,,,142647,false,false
Focus Fire,1,Instant,W,EOE,18,Common,W,,Non-Foil,mainboard,false,https://cards.scryfall.io/normal/front/a/9/a9ddfcbc-0f84-4315-aaa3-ca54ff64d7de.jpg?1782685573,,,,142649,false,false
Frenzied Baloth,2,Creature — Beast,G,EOE,183,Rare,G,,Non-Foil,mainboard,false,https://cards.scryfall.io/normal/front/c/7/c72d85e9-a0bc-4f73-8d73-c58843577f4e.jpg?1782685457,,,,142979,false,false
Frontline War-Rager,3,Creature — Kavu Soldier,R,EOE,134,Common,R,,Non-Foil,mainboard,false,https://cards.scryfall.io/normal/front/f/a/fa232943-818b-4944-be60-2d80c806bf62.jpg?1782685493,,,,142881,false,false
Full Bore,1,Instant,R,EOE,135,Uncommon,R,,Non-Foil,mainboard,false,https://cards.scryfall.io/normal/front/c/f/cfee64ef-d22d-4024-bc65-59cbd1731d1c.jpg?1782685492,,,,142883,false,false
Fungal Colossus,7,Creature — Fungus Beast,G,EOE,184,Common,G,,Non-Foil,mainboard,false,https://cards.scryfall.io/normal/front/9/d/9dc9559f-cece-4c85-807c-158291666007.jpg?1782685457,,,,142981,false,false
Galactic Wayfarer,3,Creature — Human Scout,G,EOE,185,Common,G,,Non-Foil,mainboard,false,https://cards.scryfall.io/normal/front/8/5/85b898d2-050f-49a2-87af-07d54d105336.jpg?1782685456,,,,142983,false,false
Galvanizing Sawship,6,Artifact — Spacecraft,R,EOE,136,Uncommon,R,,Non-Foil,mainboard,false,https://cards.scryfall.io/normal/front/5/b/5bbce9fb-401f-4e78-acd5-9d3b506687fd.jpg?1782685492,,,,142885,false,false
Genemorph Imago,2,Creature — Insect Druid,GU,EOE,217,Rare,M,,Non-Foil,mainboard,false,https://cards.scryfall.io/normal/front/4/0/40f0ecf7-f49e-46ff-aa5b-9ff5361b72c5.jpg?1782685434,,,,143047,false,false
Gene Pollinator,1,Artifact Creature — Robot Insect,G,EOE,186,Common,G,,Non-Foil,mainboard,false,https://cards.scryfall.io/normal/front/c/e/ce7a8eec-a029-4ee1-b2d6-405d903d4640.jpg?1782685456,,,,142985,false,false
Germinating Wurm,5,Creature — Plant Wurm,G,EOE,187,Common,G,,Non-Foil,mainboard,false,https://cards.scryfall.io/normal/front/f/c/fcde173a-6314-4904-bddd-68b2ab1e4867.jpg?1782685456,,,,142987,false,false
Gigastorm Titan,5,Creature — Elemental,U,EOE,57,Uncommon,U,,Non-Foil,mainboard,false,https://cards.scryfall.io/normal/front/a/b/abc83e0a-0ae5-4087-a751-058a1ba6a920.jpg?1782685547,,,,142727,false,false
Glacier Godmaw,7,Creature — Leviathan,G,EOE,188,Uncommon,G,,Non-Foil,mainboard,false,https://cards.scryfall.io/normal/front/d/3/d3291c51-e963-4970-813d-9a06a47aa71e.jpg?1782685456,,,,142989,false,false
Godless Shrine,0,Land — Plains Swamp,,EOE,254,Rare,M,,Non-Foil,mainboard,false,https://cards.scryfall.io/normal/front/8/c/8c542ea4-98c3-4c2d-9066-205ab7aa697a.jpg?1782685408,,,,143121,false,false
Gravblade Heavy,4,Creature — Human Soldier,B,EOE,102,Common,B,,Non-Foil,mainboard,false,https://cards.scryfall.io/normal/front/b/3/b3872341-d711-407b-85e4-46ccb99988e1.jpg?1782685515,,,,142817,false,false
Gravkill,4,Instant,B,EOE,103,Common,B,,Non-Foil,mainboard,false,https://cards.scryfall.io/normal/front/c/f/cfa6c57f-a193-48cc-9764-d8348548a111.jpg?1782685515,,,,142819,false,false
Gravpack Monoist,3,Creature — Human Scout,B,EOE,104,Common,B,,Non-Foil,mainboard,false,https://cards.scryfall.io/normal/front/2/a/2a968f01-36ef-4cf6-b1db-630c9cde2064.jpg?1782685515,,,,142821,false,false
"Haliya, Ascendant Cadet",5,Legendary Creature — Human Soldier,GW,EOE,218,Uncommon,M,,Non-Foil,mainboard,false,https://cards.scryfall.io/normal/front/6/8/683d6eba-7f98-4105-b318-7f2290012f32.jpg?1782685432,,,,143049,false,false
"Haliya, Guided by Light",3,Legendary Creature — Human Soldier,W,EOE,19,Rare,W,,Non-Foil,mainboard,false,https://cards.scryfall.io/normal/front/6/f/6f7c63ae-5df3-410f-8643-b8c69133ca9d.jpg?1782685573,,,,142651,false,false
Hardlight Containment,1,Enchantment — Aura,W,EOE,20,Rare,W,,Non-Foil,mainboard,false,https://cards.scryfall.io/normal/front/0/b/0b934241-4d6b-4b9c-99f1-c49cb387cf56.jpg?1782685573,,,,142653,false,false
Harmonious Grovestrider,5,Creature — Beast,G,EOE,189,Uncommon,G,,Non-Foil,mainboard,false,https://cards.scryfall.io/normal/front/e/3/e320abed-f145-42d3-b402-4f82e3a56389.jpg?1782685455,,,,142991,false,false
Hemosymbic Mite,1,Creature — Mite,G,EOE,190,Uncommon,G,,Non-Foil,mainboard,false,https://cards.scryfall.io/normal/front/c/1/c14137a4-2d44-444c-ad50-e2edf9380571.jpg?1782685455,,,,142993,false,false
Honor,1,Sorcery,W,EOE,21,Uncommon,W,,Non-Foil,mainboard,false,https://cards.scryfall.io/normal/front/d/0/d0b4e925-1d59-41a1-bc06-9982695d778f.jpg?1782685572,,,,142655,false,false
Honored Knight-Captain,2,Creature — Human Advisor Knight,W,EOE,22,Uncommon,W,,Non-Foil,mainboard,false,https://cards.scryfall.io/normal/front/0/5/05a6ab03-f0b9-4738-a5f9-5d95bb22de75.jpg?1782685572,,,,142657,false,false
Hullcarver,1,Artifact Creature — Robot Assassin,B,EOE,105,Common,B,,Non-Foil,mainboard,false,https://cards.scryfall.io/normal/front/8/1/817b5b18-beb5-48c8-aa45-0515ff9ca5da.jpg?1782685515,,,,142823,false,false
Hylderblade,1,Artifact — Equipment,B,EOE,106,Uncommon,B,,Non-Foil,mainboard,false,https://cards.scryfall.io/normal/front/a/c/ac80cf18-0707-4358-bdd4-0c2b90d0a1d9.jpg?1782685513,,,,142825,false,false
Hymn of the Faller,2,Sorcery,B,EOE,107,Uncommon,B,,Non-Foil,mainboard,false,https://cards.scryfall.io/normal/front/e/4/e468d528-6cf0-4563-9da2-e388ba56cb9d.jpg?1782685512,,,,142827,false,false
Icecave Crasher,4,Creature — Beast,G,EOE,191,Common,G,,Non-Foil,mainboard,false,https://cards.scryfall.io/normal/front/e/6/e6c1ed0c-0c0d-47a7-8ebc-67854cb226e0.jpg?1782685452,,,,142995,false,false
Icetill Explorer,4,Creature — Insect Scout,G,EOE,192,Rare,G,,Non-Foil,mainboard,false,https://cards.scryfall.io/normal/front/d/9/d9482aab-6ddf-48e1-84fa-b13d5ff81e69.jpg?1782685451,,,,142997,false,false
Illvoi Galeblade,1,Creature — Jellyfish Warrior,U,EOE,58,Common,U,,Non-Foil,mainboard,false,https://cards.scryfall.io/normal/front/7/6/769f7d13-a312-4d79-8639-6ae248452448.jpg?1782685547,,,,142729,false,false
Illvoi Infiltrator,3,Creature — Jellyfish Rogue,U,EOE,59,Uncommon,U,,Non-Foil,mainboard,false,https://cards.scryfall.io/normal/front/2/d/2db4ed41-0426-4d7f-bb43-e43392bed83b.jpg?1782685546,,,,142731,false,false
Illvoi Light Jammer,2,Artifact — Equipment,U,EOE,60,Common,U,,Non-Foil,mainboard,false,https://cards.scryfall.io/normal/front/e/f/efb3d961-543c-4404-b4ed-1cb28ee411b3.jpg?1782685545,,,,142733,false,false
Illvoi Operative,2,Creature — Jellyfish Rogue,U,EOE,61,Common,U,,Non-Foil,mainboard,false,https://cards.scryfall.io/normal/front/d/0/d0ae9fc7-1802-4806-9996-1f1f458ff6a7.jpg?1782685544,,,,142735,false,false
Infinite Guideline Station,5,Legendary Artifact — Spacecraft,BGRUW,EOE,219,Rare,M,,Non-Foil,mainboard,false,https://cards.scryfall.io/normal/front/5/6/5688894a-bbec-476b-ae2e-94000be258d0.jpg?1782685432,,,,143051,false,false
Insatiable Skittermaw,3,Creature — Insect Horror,B,EOE,108,Common,B,,Non-Foil,mainboard,false,https://cards.scryfall.io/normal/front/e/9/e9d30cca-ea33-418f-bba3-5103f1dbd751.jpg?1782685512,,,,142829,false,false
Interceptor Mechan,4,Artifact Creature — Robot,BR,EOE,220,Uncommon,M,,Non-Foil,mainboard,false,https://cards.scryfall.io/normal/front/1/9/198211af-f413-4e9b-9baf-4b4fcb81eadc.jpg?1782685431,,,,143053,false,false
Intrepid Tenderfoot,2,Creature — Insect Citizen,G,EOE,193,Common,G,,Non-Foil,mainboard,false,https://cards.scryfall.io/normal/front/8/0/809df0ea-deff-47b9-83df-cc1f360d377e.jpg?1782685451,,,,142999,false,false
Invasive Maneuvers,2,Instant,R,EOE,137,Uncommon,R,,Non-Foil,mainboard,false,https://cards.scryfall.io/normal/front/b/6/b68010e2-7810-43cb-a52e-e73b1834e54e.jpg?1782685491,,,,142887,false,false
Kavaron Harrier,1,Artifact Creature — Robot Soldier,R,EOE,139,Uncommon,R,,Non-Foil,mainboard,false,https://cards.scryfall.io/normal/front/1/d/1da2a740-e4ff-4661-ba57-39b15c58e26e.jpg?1782685490,,,,142891,false,false
"Kavaron, Memorial World",0,Land — Planet,,EOE,255,Mythic,R,,Non-Foil,mainboard,false,https://cards.scryfall.io/normal/front/6/0/60f3ca25-9dcc-4781-bf7b-ab6736d8db29.jpg?1782685406,,,,143123,false,false
Kavaron Skywarden,5,Creature — Kavu Soldier,R,EOE,140,Common,R,,Non-Foil,mainboard,false,https://cards.scryfall.io/normal/front/6/1/617038a8-0544-4d0e-8ff1-c786e60ecd59.jpg?1782685490,,,,142893,false,false
Kavaron Turbodrone,3,Artifact Creature — Robot Scout,R,EOE,141,Common,R,,Non-Foil,mainboard,false,https://cards.scryfall.io/normal/front/f/5/f5e92cdd-75df-499e-94f7-22287f1000b3.jpg?1782685488,,,,142895,false,false
Kav Landseeker,4,Creature — Kavu Soldier,R,EOE,138,Common,R,,Non-Foil,mainboard,false,https://cards.scryfall.io/normal/front/7/a/7a5a7e89-50e3-43cb-af93-d7d80a630c11.jpg?1782685491,,,,142889,false,false
Knight Luminary,4,Creature — Human Knight,W,EOE,23,Common,W,,Non-Foil,mainboard,false,https://cards.scryfall.io/normal/front/3/4/34334971-c1b7-4506-a6dd-77f66b3ae4e7.jpg?1782685570,,,,142659,false,false
Larval Scoutlander,3,Artifact — Spacecraft,G,EOE,194,Uncommon,G,,Non-Foil,mainboard,false,https://cards.scryfall.io/normal/front/d/6/d6083f43-58dc-46fc-aeff-347b1080417b.jpg?1782685450,,,,143001,false,false
Lashwhip Predator,6,Creature — Plant Beast,G,EOE,195,Uncommon,G,,Non-Foil,mainboard,false,https://cards.scryfall.io/normal/front/2/4/24553e98-29a9-47e3-91c7-9add708d9ad1.jpg?1782685448,,,,143003,false,false
Lightless Evangel,2,Creature — Vampire Cleric,B,EOE,109,Uncommon,B,,Non-Foil,mainboard,false,https://cards.scryfall.io/normal/front/6/8/6860556a-6c34-4c41-89ea-f0bc495a159c.jpg?1782685511,,,,142831,false,false
Lightstall Inquisitor,1,Creature — Angel Wizard,W,EOE,24,Rare,W,,Non-Foil,mainboard,false,https://cards.scryfall.io/normal/front/6/3/635245e9-c27f-4a51-a6f1-bae62e696542.jpg?1782685570,,,,142661,false,false
Lithobraking,3,Instant,R,EOE,142,Uncommon,R,,Non-Foil,mainboard,false,https://cards.scryfall.io/normal/front/5/a/5a22024c-2c0f-4487-98d1-ee89cf3dba89.jpg?1782685488,,,,142897,false,false
Loading Zone,4,Enchantment,G,EOE,196,Rare,G,,Non-Foil,mainboard,false,https://cards.scryfall.io/normal/front/0/d/0d2c95bd-79af-4a23-b265-62cc0b164e3e.jpg?1782685448,,,,143005,false,false
Lost in Space,4,Instant,U,EOE,62,Common,U,,Non-Foil,mainboard,false,https://cards.scryfall.io/normal/front/6/d/6d9d7979-97af-4c85-86f5-1b3704f74e8b.jpg?1782685544,,,,142737,false,false
Lumen-Class Frigate,2,Artifact — Spacecraft,W,EOE,25,Rare,W,,Non-Foil,mainboard,false,https://cards.scryfall.io/normal/front/0/c/0cc59b5a-65fa-47cc-8ac7-b7c3f533a782.jpg?1782685570,,,,142663,false,false
Luxknight Breacher,4,Creature — Human Knight,W,EOE,26,Common,W,,Non-Foil,mainboard,false,https://cards.scryfall.io/normal/front/c/1/c1236731-0d33-4705-8077-3cf58acf9a39.jpg?1782685569,,,,142665,false,false
Mechan Assembler,5,Artifact Creature — Robot Artificer,U,EOE,63,Uncommon,U,,Non-Foil,mainboard,false,https://cards.scryfall.io/normal/front/3/f/3fd46726-095e-4eb2-a804-eeeb988eee1d.jpg?1782685544,,,,142739,false,false
Mechan Navigator,2,Artifact Creature — Robot Pilot,U,EOE,64,Uncommon,U,,Non-Foil,mainboard,false,https://cards.scryfall.io/normal/front/a/1/a1fe1d39-42c8-41d0-8bf0-46973e4b07d4.jpg?1782685543,,,,142741,false,false
Mechanozoa,6,Artifact Creature — Robot Jellyfish,U,EOE,66,Common,U,,Non-Foil,mainboard,false,https://cards.scryfall.io/normal/front/0/c/0cb8d8ce-329a-4a97-b3d8-796703ebcb37.jpg?1782685541,,,,142745,false,false
Mechan Shieldmate,2,Artifact Creature — Robot Soldier,U,EOE,65,Common,U,,Non-Foil,mainboard,false,https://cards.scryfall.io/normal/front/7/4/745b2119-4d9f-431f-89b9-10ad48b6dc47.jpg?1782685542,,,,142743,false,false
Melded Moxite,2,Artifact,R,EOE,143,Common,R,,Non-Foil,mainboard,false,https://cards.scryfall.io/normal/front/4/7/474c067f-eb24-4ae8-b4c0-f6f8e24cdb2a.jpg?1782685487,,,,142899,false,false
Meltstrider Eulogist,3,Creature — Insect Soldier,G,EOE,197,Uncommon,G,,Non-Foil,mainboard,false,https://cards.scryfall.io/normal/front/d/f/df61aa0c-effc-4d57-be19-876a82c41d33.jpg?1782685447,,,,143007,false,false
Meltstrider's Gear,1,Artifact — Equipment,G,EOE,198,Common,G,,Non-Foil,mainboard,false,https://cards.scryfall.io/normal/front/d/7/d75629cb-91e2-46fa-9c80-6feb29e1ceb8.jpg?1782685447,,,,143009,false,false
Meltstrider's Resolve,1,Enchantment — Aura,G,EOE,199,Uncommon,G,,Non-Foil,mainboard,false,https://cards.scryfall.io/normal/front/5/3/53c08af4-b975-4d9d-baba-73e6727f2778.jpg?1782685447,,,,143011,false,false
Memorial Team Leader,4,Creature — Kavu Soldier,R,EOE,144,Uncommon,R,,Non-Foil,mainboard,false,https://cards.scryfall.io/normal/front/3/d/3ddc240a-62df-4773-98d7-48a9adaf1846.jpg?1782685486,,,,142901,false,false
Memorial Vault,4,Artifact,R,EOE,145,Rare,R,,Non-Foil,mainboard,false,https://cards.scryfall.io/normal/front/a/1/a14ecd13-325a-4555-b1dd-d0d0d0826031.jpg?1782685485,,,,142903,false,false
Mental Modulation,2,Instant,U,EOE,67,Common,U,,Non-Foil,mainboard,false,https://cards.scryfall.io/normal/front/0/f/0f2d12fc-38a0-42e6-9caa-7c18bfcf0011.jpg?1782685540,,,,142747,false,false
Mightform Harmonizer,4,Creature — Insect Druid,G,EOE,200,Rare,G,,Non-Foil,mainboard,false,https://cards.scryfall.io/normal/front/f/3/f32302f1-b54f-4489-9d0b-9b771e59da06.jpg?1782685446,,,,143013,false,false
"Mm'menon, the Right Hand",5,Legendary Creature — Jellyfish Advisor,U,EOE,68,Rare,U,,Non-Foil,mainboard,false,https://cards.scryfall.io/normal/front/8/2/82add0a0-e402-4b31-b101-81c0bf332015.jpg?1782685539,,,,142749,false,false
"Mm'menon, Uthros Exile",3,Legendary Creature — Jellyfish Advisor,RU,EOE,221,Uncommon,M,,Non-Foil,mainboard,false,https://cards.scryfall.io/normal/front/5/5/5546c044-5826-48c3-9d28-866f3c3c5f2c.jpg?1782685431,,,,143055,false,false
Molecular Modifier,3,Creature — Kavu Artificer,R,EOE,146,Uncommon,R,,Non-Foil,mainboard,false,https://cards.scryfall.io/normal/front/7/b/7b80b9c9-a871-4c04-b8be-feb81a900591.jpg?1782685485,,,,142905,false,false
Monoist Circuit-Feeder,6,Artifact Creature — Nautilus,B,EOE,110,Uncommon,B,,Non-Foil,mainboard,false,https://cards.scryfall.io/normal/front/9/5/957ae7aa-98d6-402a-9b20-e3e5b7e8dfe3.jpg?1782685510,,,,142833,false,false
Monoist Sentry,1,Artifact Creature — Robot,B,EOE,111,Uncommon,B,,Non-Foil,mainboard,false,https://cards.scryfall.io/normal/front/a/c/acc503e2-5c3a-4200-beb0-7d193d6c869e.jpg?1782685509,,,,142835,false,false
Moonlit Meditation,3,Enchantment — Aura,U,EOE,69,Rare,U,,Non-Foil,mainboard,false,https://cards.scryfall.io/normal/front/f/2/f2a56007-5bca-4edf-9cc4-5f77a273636c.jpg?1782685539,,,,142751,false,false
Mouth of the Storm,7,Creature — Elemental,U,EOE,70,Uncommon,U,,Non-Foil,mainboard,false,https://cards.scryfall.io/normal/front/3/8/380f16d6-ad43-4e0d-9645-6abde6248182.jpg?1782685538,,,,142753,false,false
Mutinous Massacre,7,Sorcery,BR,EOE,222,Rare,M,,Non-Foil,mainboard,false,https://cards.scryfall.io/normal/front/4/2/42d5034f-18f0-4d57-9840-6be52c286247.jpg?1782685431,,,,143057,false,false
Nanoform Sentinel,3,Artifact Creature — Robot,U,EOE,71,Common,U,,Non-Foil,mainboard,false,https://cards.scryfall.io/normal/front/3/e/3eeae8c3-7939-4c79-92f0-fbdb9c1b71d3.jpg?1782685538,,,,142755,false,false
Nebula Dragon,7,Creature — Dragon,R,EOE,147,Common,R,,Non-Foil,mainboard,false,https://cards.scryfall.io/normal/front/0/e/0ee509dd-9fba-4b6d-a9d4-cc8bf5822ddd.jpg?1782685483,,,,142907,false,false
Nova Hellkite,5,Creature — Dragon,R,EOE,148,Rare,R,,Non-Foil,mainboard,false,https://cards.scryfall.io/normal/front/4/2/424af0d0-398c-4d78-9ad5-2171bf1bcbd1.jpg?1782685483,,,,142909,false,false
Nutrient Block,1,Artifact — Food,,EOE,243,Common,C,,Non-Foil,mainboard,false,https://cards.scryfall.io/normal/front/a/2/a26064bb-c568-4ed6-86db-3aab69b050db.jpg?1782685415,,,,143099,false,false
Orbital Plunge,4,Sorcery,R,EOE,149,Common,R,,Non-Foil,mainboard,false,https://cards.scryfall.io/normal/front/2/d/2dc7cc17-5319-4694-99c6-8c56a0b40a44.jpg?1782685483,,,,142911,false,false
Oreplate Pangolin,2,Artifact Creature — Robot Pangolin,R,EOE,150,Common,R,,Non-Foil,mainboard,false,https://cards.scryfall.io/normal/front/9/0/90209957-95db-4b59-979a-316d14ef876c.jpg?1782685482,,,,142913,false,false
Ouroboroid,4,Creature — Plant Wurm,G,EOE,201,Mythic,G,,Non-Foil,mainboard,false,https://cards.scryfall.io/normal/front/2/0/209c591a-4ab2-4e89-9523-a7b766cf4e51.jpg?1782685446,,,,143015,false,false
Pain for All,3,Enchantment — Aura,R,EOE,151,Rare,R,,Non-Foil,mainboard,false,https://cards.scryfall.io/normal/front/d/2/d2948913-817b-4715-92d5-ed3cde347be7.jpg?1782685482,,,,142915,false,false
Perigee Beckoner,5,Creature — Horror,B,EOE,112,Common,B,,Non-Foil,mainboard,false,https://cards.scryfall.io/normal/front/f/3/f3666a08-d449-496f-969a-bf21d4afbd77.jpg?1782685508,,,,142837,false,false
Pinnacle Emissary,3,Artifact Creature — Robot,RU,EOE,223,Rare,M,,Non-Foil,mainboard,false,https://cards.scryfall.io/normal/front/3/c/3c922347-f05f-40a4-bbee-6bc02a1e0de5.jpg?1782685429,,,,143059,false,false
Pinnacle Kill-Ship,7,Artifact — Spacecraft,,EOE,244,Common,C,,Non-Foil,mainboard,false,https://cards.scryfall.io/normal/front/b/f/bf784de8-5ae2-4c07-92bb-a5b7f593b773.jpg?1782685414,,,,143101,false,false
Pinnacle Starcage,3,Artifact,W,EOE,27,Rare,W,,Non-Foil,mainboard,false,https://cards.scryfall.io/normal/front/b/1/b1f40c4c-a955-4d9c-8225-251fa4159124.jpg?1782685568,,,,142667,false,false
Plasma Bolt,1,Sorcery,R,EOE,152,Common,R,,Non-Foil,mainboard,false,https://cards.scryfall.io/normal/front/a/1/a1a1834b-76c2-4496-b8c5-18b69ab34c4c.jpg?1782685481,,,,142917,false,false
Possibility Technician,3,Creature — Kavu Artificer,R,EOE,153,Rare,R,,Non-Foil,mainboard,false,https://cards.scryfall.io/normal/front/4/b/4b146c78-403f-48c8-941d-41114498bb89.jpg?1782685480,,,,142919,false,false
Pull Through the Weft,5,Sorcery,G,EOE,202,Uncommon,G,,Non-Foil,mainboard,false,https://cards.scryfall.io/normal/front/a/7/a70d0877-1a1e-436b-bf8c-0ff6df9efc6a.jpg?1782685446,,,,143017,false,false
Pulsar Squadron Ace,2,Creature — Human Pilot,W,EOE,28,Uncommon,W,,Non-Foil,mainboard,false,https://cards.scryfall.io/normal/front/8/d/8d989cdc-cbd7-4b71-9589-59618597ac8a.jpg?1782685568,,,,142669,false,false
Quantum Riddler,5,Creature — Sphinx,U,EOE,72,Mythic,U,,Non-Foil,mainboard,false,https://cards.scryfall.io/normal/front/1/2/120be808-ff3b-4fca-96a1-4db6b9825856.jpg?1782685537,,,,142757,false,false
Radiant Strike,4,Instant,W,EOE,29,Common,W,,Non-Foil,mainboard,false,https://cards.scryfall.io/normal/front/8/c/8c38e4cb-918b-4493-872b-66c90dcfd339.jpg?1782685566,,,,142671,false,false
"Ragost, Deft Gastronaut",2,Legendary Creature — Lobster Citizen,RW,EOE,224,Rare,M,,Non-Foil,mainboard,false,https://cards.scryfall.io/normal/front/0/1/011374c3-f69d-4573-8c32-5bd0fe083d6a.jpg?1782685429,,,,143061,false,false
Rayblade Trooper,3,Creature — Human Soldier,W,EOE,30,Uncommon,W,,Non-Foil,mainboard,false,https://cards.scryfall.io/normal/front/c/0/c08c7bf9-a2ed-45c6-8b48-15122d9d9e37.jpg?1782685566,,,,142673,false,false
Red Tiger Mechan,4,Artifact Creature — Robot Cat,R,EOE,154,Common,R,,Non-Foil,mainboard,false,https://cards.scryfall.io/normal/front/b/7/b7b2fa48-cd2d-42ea-afd8-8cbd7a1bcdab.jpg?1782685480,,,,142921,false,false
Remnant Elemental,2,Creature — Elemental,R,EOE,155,Uncommon,R,,Non-Foil,mainboard,false,https://cards.scryfall.io/normal/front/8/3/830d5532-3b24-470e-912f-f0f5df1cb530.jpg?1782685478,,,,142923,false,false
Requiem Monolith,3,Artifact,B,EOE,113,Rare,B,,Non-Foil,mainboard,false,https://cards.scryfall.io/normal/front/8/3/837d710a-652f-4c60-a52d-d786231160a4.jpg?1782685508,,,,142839,false,false
Reroute Systems,1,Instant,W,EOE,31,Uncommon,W,,Non-Foil,mainboard,false,https://cards.scryfall.io/normal/front/3/b/3bbdba38-2b99-4226-98e3-6d2580345d6d.jpg?1782685565,,,,142675,false,false
Rescue Skiff,6,Artifact — Spacecraft,W,EOE,32,Uncommon,W,,Non-Foil,mainboard,false,https://cards.scryfall.io/normal/front/6/f/6fe86bfb-c67d-4df9-88c9-f083091f4cda.jpg?1782685565,,,,142677,false,false
Rig for War,2,Instant,R,EOE,156,Common,R,,Non-Foil,mainboard,false,https://cards.scryfall.io/normal/front/3/e/3edd0515-dcc4-4cb5-8b54-9c00173d8a6d.jpg?1782685477,,,,142925,false,false
Roving Actuator,4,Artifact Creature — Robot,R,EOE,157,Uncommon,R,,Non-Foil,mainboard,false,https://cards.scryfall.io/normal/front/1/1/1111173b-ea49-4de4-b5b0-07d768c626b9.jpg?1782685477,,,,142927,false,false
Ruinous Rampage,3,Sorcery,R,EOE,158,Uncommon,R,,Non-Foil,mainboard,false,https://cards.scryfall.io/normal/front/9/1/91d7a4c2-1a4b-4e9f-b543-225b6906752f.jpg?1782685476,,,,142929,false,false
Rust Harvester,1,Artifact Creature — Robot,R,EOE,159,Rare,R,,Non-Foil,mainboard,false,https://cards.scryfall.io/normal/front/7/c/7ce58765-d2f4-4fbf-8635-580c9400ff2e.jpg?1782685475,,,,142931,false,false
Sacred Foundry,0,Land — Mountain Plains,,EOE,256,Rare,M,,Non-Foil,mainboard,false,https://cards.scryfall.io/normal/front/8/b/8b4e2642-3c87-4708-b9b4-2e7f7359ac7d.jpg?1782685406,,,,143125,false,false
Sami's Curiosity,1,Sorcery,G,EOE,203,Common,G,,Non-Foil,mainboard,false,https://cards.scryfall.io/normal/front/7/0/703ad0f3-bd05-42b0-85fb-0cd37807dc91.jpg?1782685444,,,,143019,false,false
"Sami, Ship's Engineer",4,Legendary Creature — Human Artificer,RW,EOE,225,Uncommon,M,,Non-Foil,mainboard,false,https://cards.scryfall.io/normal/front/7/5/75c38cc9-07de-46d4-8195-f04b2b7e0fee.jpg?1782685428,,,,143063,false,false
"Sami, Wildcat Captain",6,Legendary Creature — Human Artificer Rogue,RW,EOE,226,Mythic,M,,Non-Foil,mainboard,false,https://cards.scryfall.io/normal/front/b/e/bed64207-9193-4770-8f8f-e3203289d5a6.jpg?1782685428,,,,143065,false,false
Scour for Scrap,4,Instant,U,EOE,73,Uncommon,U,,Non-Foil,mainboard,false,https://cards.scryfall.io/normal/front/5/1/517d1b00-7ec4-489a-ac52-657da24a6379.jpg?1782685536,,,,142759,false,false
Scout for Survivors,3,Sorcery,W,EOE,33,Uncommon,W,,Non-Foil,mainboard,false,https://cards.scryfall.io/normal/front/e/b/ebf3a6dd-a447-46f9-8b10-091ac8cbaa18.jpg?1782685564,,,,142679,false,false
Scrounge for Eternity,3,Sorcery,B,EOE,114,Uncommon,B,,Non-Foil,mainboard,false,https://cards.scryfall.io/normal/front/b/a/baeff907-017e-4dee-aae1-19dfaab309de.jpg?1782685507,,,,142841,false,false
Seam Rip,1,Enchantment,W,EOE,34,Uncommon,W,,Non-Foil,mainboard,false,https://cards.scryfall.io/normal/front/9/d/9d298847-2d02-4593-b4d3-c5b722edac1e.jpg?1782685563,,,,142681,false,false
Secluded Starforge,0,Land,,EOE,257,Rare,C,,Non-Foil,mainboard,false,https://cards.scryfall.io/normal/front/a/9/a997ff9f-045a-44a2-983d-f36414cef1ab.jpg?1782685405,,,,143127,false,false
Seedship Agrarian,4,Creature — Insect Scientist,G,EOE,204,Uncommon,G,,Non-Foil,mainboard,false,https://cards.scryfall.io/normal/front/2/f/2fc7946d-37b0-4dc8-9daa-8d2204d8e4d2.jpg?1782685443,,,,143021,false,false
Seedship Broodtender,2,Creature — Insect Citizen,BG,EOE,227,Uncommon,M,,Non-Foil,mainboard,false,https://cards.scryfall.io/normal/front/1/a/1abc176f-2ccf-4371-b4b5-030dd99ff7fc.jpg?1782685428,,,,143067,false,false
Seedship Impact,2,Instant,G,EOE,205,Uncommon,G,,Non-Foil,mainboard,false,https://cards.scryfall.io/normal/front/d/0/d060d95f-f33a-4fc0-b002-c394d4cd82ce.jpg?1782685442,,,,143023,false,false
Selfcraft Mechan,4,Artifact Creature — Robot Artificer,U,EOE,74,Common,U,,Non-Foil,mainboard,false,https://cards.scryfall.io/normal/front/5/b/5b2de056-5c27-44d6-871d-909411bd52dd.jpg?1782685535,,,,142761,false,false
Shattered Wings,3,Sorcery,G,EOE,206,Common,G,,Non-Foil,mainboard,false,https://cards.scryfall.io/normal/front/b/b/bbece737-bd4f-4dc8-bf5c-f77930246ab1.jpg?1782685441,,,,143025,false,false
Singularity Rupture,6,Sorcery,BU,EOE,228,Rare,M,,Non-Foil,mainboard,false,https://cards.scryfall.io/normal/front/a/3/a34012e3-ec7a-4713-a2c2-f8efff49e364.jpg?1782685427,,,,143069,false,false
Sinister Cryologist,3,Creature — Jellyfish Wizard,U,EOE,75,Common,U,,Non-Foil,mainboard,false,https://cards.scryfall.io/normal/front/e/8/e8fbe740-05ec-4ced-bb9d-3084c8c2b631.jpg?1782685534,,,,142763,false,false
Skystinger,3,Creature — Insect Warrior,G,EOE,207,Common,G,,Non-Foil,mainboard,false,https://cards.scryfall.io/normal/front/d/f/dfea9941-3675-4c0f-bc4d-981c28deed36.jpg?1782685440,,,,143027,false,false
Slagdrill Scrapper,1,Artifact Creature — Robot Scout,R,EOE,160,Common,R,,Non-Foil,mainboard,false,https://cards.scryfall.io/normal/front/1/5/155dcf54-8fdb-4715-97dc-4eb5d3d80d78.jpg?1782685474,,,,142933,false,false
Sledge-Class Seedship,3,Artifact — Spacecraft,G,EOE,208,Rare,G,,Non-Foil,mainboard,false,https://cards.scryfall.io/normal/front/d/c/dc0cb4b6-cc20-49ea-84b2-2f3af3b0a19e.jpg?1782685439,,,,143029,false,false
"Sothera, the Supervoid",4,Legendary Enchantment,B,EOE,115,Mythic,B,,Non-Foil,mainboard,false,https://cards.scryfall.io/normal/front/e/9/e99d6fc0-dcf2-4b25-81c2-02c230a36246.jpg?1782685507,,,,142843,false,false
Space-Time Anomaly,4,Sorcery,UW,EOE,229,Rare,M,,Non-Foil,mainboard,false,https://cards.scryfall.io/normal/front/e/d/edb8dc2a-ddce-48fa-b57e-0e57c87c6671.jpg?1782685426,,,,143071,false,false
Specimen Freighter,6,Artifact — Spacecraft,U,EOE,76,Uncommon,U,,Non-Foil,mainboard,false,https://cards.scryfall.io/normal/front/b/8/b862a9f8-2361-4220-99bd-ae2530905195.jpg?1782685534,,,,142765,false,false
Squire's Lightblade,1,Artifact — Equipment,W,EOE,36,Common,W,,Non-Foil,mainboard,false,https://cards.scryfall.io/normal/front/2/a/2a0accba-85d4-4aa4-a70c-80fcce48c261.jpg?1782685561,,,,142685,false,false
Starbreach Whale,5,Creature — Whale,U,EOE,77,Common,U,,Non-Foil,mainboard,false,https://cards.scryfall.io/normal/front/8/a/8a1a0476-7145-4493-97e5-4fc05c85e476.jpg?1782685534,,,,142767,false,false
Starfield Shepherd,5,Creature — Angel,W,EOE,37,Uncommon,W,,Non-Foil,mainboard,false,https://cards.scryfall.io/normal/front/1/2/1226e575-aa78-4c68-be1d-6e5c2dc6315b.jpg?1782685561,,,,142687,false,false
Starfield Vocalist,4,Creature — Human Bard,U,EOE,78,Rare,U,,Non-Foil,mainboard,false,https://cards.scryfall.io/normal/front/d/e/deca0b2a-e7f3-444a-883d-7c41dd62c9cc.jpg?1782685533,,,,142769,false,false
Starfighter Pilot,2,Creature — Human Pilot,W,EOE,38,Common,W,,Non-Foil,mainboard,false,https://cards.scryfall.io/normal/front/1/e/1e571246-aadc-4d1f-a284-9a529e150fe0.jpg?1782685561,,,,142689,false,false
Starport Security,1,Artifact Creature — Robot Soldier,W,EOE,39,Common,W,,Non-Foil,mainboard,false,https://cards.scryfall.io/normal/front/2/3/238cb1db-6c41-4fe1-bc34-340048dfde18.jpg?1782685560,,,,142691,false,false
Starwinder,7,Creature — Leviathan,U,EOE,79,Rare,U,,Non-Foil,mainboard,false,https://cards.scryfall.io/normal/front/2/7/27d1a010-5790-4b35-9fdc-0e366eed021d.jpg?1782685531,,,,142771,false,false
Station Monitor,2,Creature — Lizard Artificer,UW,EOE,230,Uncommon,M,,Non-Foil,mainboard,false,https://cards.scryfall.io/normal/front/b/a/ba9f6d16-ee3e-4fbb-b78a-6292188eb61f.jpg?1782685424,,,,143073,false,false
Steelswarm Operator,2,Artifact Creature — Robot Soldier,U,EOE,80,Uncommon,U,,Non-Foil,mainboard,false,https://cards.scryfall.io/normal/front/c/a/ca468b86-f31a-4cd7-a574-eb984bc4bc3e.jpg?1782685531,,,,142773,false,false
Stomping Ground,0,Land — Mountain Forest,,EOE,258,Rare,M,,Non-Foil,mainboard,false,https://cards.scryfall.io/normal/front/6/9/69be21b4-c613-47c6-ba57-f4785861af3e.jpg?1782685405,,,,143129,false,false
Sunset Saboteur,2,Creature — Human Rogue,B,EOE,116,Rare,B,,Non-Foil,mainboard,false,https://cards.scryfall.io/normal/front/3/9/396bca07-82ba-49b7-b79e-7784b3a06d48.jpg?1782685507,,,,142845,false,false
Sunstar Chaplain,2,Creature — Human Cleric,W,EOE,40,Rare,W,,Non-Foil,mainboard,false,https://cards.scryfall.io/normal/front/8/3/83719626-3ff8-4566-9911-88212e753c69.jpg?1782685559,,,,142693,false,false
Sunstar Expansionist,2,Creature — Human Knight,W,EOE,41,Uncommon,W,,Non-Foil,mainboard,false,https://cards.scryfall.io/normal/front/9/3/93b0e6e5-9fb6-4342-9322-1a4cc09a7a76.jpg?1782685558,,,,142695,false,false
Sunstar Lightsmith,4,Creature — Human Artificer,W,EOE,42,Uncommon,W,,Non-Foil,mainboard,false,https://cards.scryfall.io/normal/front/5/f/5f60b09d-9814-4a36-a57d-59b0e04c1c2f.jpg?1782685557,,,,142697,false,false
Survey Mechan,4,Artifact Creature — Robot,,EOE,245,Uncommon,C,,Non-Foil,mainboard,false,https://cards.scryfall.io/normal/front/9/b/9b4278ea-6cd8-45ad-b024-daf3dedd29e0.jpg?1782685414,,,,143103,false,false
Susurian Dirgecraft,5,Artifact — Spacecraft,B,EOE,117,Uncommon,B,,Non-Foil,mainboard,false,https://cards.scryfall.io/normal/front/b/6/b67cdb6e-9a3b-4887-924d-318faa3c443d.jpg?1782685506,,,,142847,false,false
Susurian Voidborn,3,Creature — Vampire Soldier,B,EOE,118,Uncommon,B,,Non-Foil,mainboard,false,https://cards.scryfall.io/normal/front/b/e/beb97e7b-0ae7-4b08-9ceb-6a7f825bcd49.jpg?1782685504,,,,142849,false,false
"Susur Secundi, Void Altar",0,Land — Planet,,EOE,259,Mythic,B,,Non-Foil,mainboard,false,https://cards.scryfall.io/normal/front/a/e/aefb8c0d-2bc6-4bec-851e-0137b4abfb22.jpg?1782685404,,,,143131,false,false
Swarm Culler,4,Creature — Insect Warrior,B,EOE,119,Common,B,,Non-Foil,mainboard,false,https://cards.scryfall.io/normal/front/2/a/2a8f583c-88b6-4797-b93e-3086845fc326.jpg?1782685504,,,,142851,false,false
Synthesizer Labship,1,Artifact — Spacecraft,U,EOE,81,Rare,U,,Non-Foil,mainboard,false,https://cards.scryfall.io/normal/front/f/b/fba6332c-acba-43f9-877c-ca6c5328aae9.jpg?1782685531,,,,142775,false,false
"Syr Vondam, Sunstar Exemplar",2,Legendary Creature — Human Knight,BW,EOE,231,Rare,M,,Non-Foil,mainboard,false,https://cards.scryfall.io/normal/front/4/9/49554198-549b-4066-86ce-77a03fda0a2f.jpg?1782685423,,,,143075,false,false
"Syr Vondam, the Lucent",5,Legendary Creature — Human Knight,BW,EOE,232,Uncommon,M,,Non-Foil,mainboard,false,https://cards.scryfall.io/normal/front/e/a/ea954205-5ff5-493b-bf30-6212042c2bc9.jpg?1782685422,,,,143077,false,false
Systems Override,3,Sorcery,R,EOE,161,Uncommon,R,,Non-Foil,mainboard,false,https://cards.scryfall.io/normal/front/2/a/2a34c71b-8d3c-435b-9cf8-4902f997d10d.jpg?1782685474,,,,142935,false,false
"Tannuk, Memorial Ensign",3,Legendary Creature — Kavu Pilot,GR,EOE,233,Uncommon,M,,Non-Foil,mainboard,false,https://cards.scryfall.io/normal/front/5/2/52498b7b-0389-4e7b-b29f-7ac86aab9229.jpg?1782685422,,,,143079,false,false
"Tannuk, Steadfast Second",4,Legendary Creature — Kavu Pilot,R,EOE,162,Mythic,R,,Non-Foil,mainboard,false,https://cards.scryfall.io/normal/front/4/4/44607ed3-9523-40ac-9f61-0edd011cf762.jpg?1782685474,,,,142937,false,false
Tapestry Warden,4,Artifact Creature — Robot Soldier,G,EOE,209,Uncommon,G,,Non-Foil,mainboard,false,https://cards.scryfall.io/normal/front/7/c/7cbbab6c-43ae-4e50-97ce-532a3316591a.jpg?1782685439,,,,143031,false,false
Temporal Intervention,3,Sorcery,B,EOE,120,Common,B,,Non-Foil,mainboard,false,https://cards.scryfall.io/normal/front/7/9/79f9525a-4cb7-411e-b7b5-2113e93bcbc3.jpg?1782685504,,,,142853,false,false
Terminal Velocity,6,Sorcery,R,EOE,163,Rare,R,,Non-Foil,mainboard,false,https://cards.scryfall.io/normal/front/1/d/1d18dc06-16f0-4a3b-8d52-dbf4aa2c393d.jpg?1782685473,,,,142939,false,false
Terrapact Intimidator,2,Creature — Kavu Scout,R,EOE,164,Uncommon,R,,Non-Foil,mainboard,false,https://cards.scryfall.io/normal/front/1/3/13fe3358-fd68-4245-a2ad-aa9200cf4655.jpg?1782685473,,,,142941,false,false
Terrasymbiosis,3,Enchantment,G,EOE,210,Rare,G,,Non-Foil,mainboard,false,https://cards.scryfall.io/normal/front/2/6/26008c7d-5dbe-4da2-b475-4dd307e7bc68.jpg?1782685439,,,,143033,false,false
Territorial Bruntar,6,Creature — Beast,R,EOE,165,Uncommon,R,,Non-Foil,mainboard,false,https://cards.scryfall.io/normal/front/d/b/dbb25585-6048-4a85-828e-675bf0da6508.jpg?1782685472,,,,142943,false,false
"Tezzeret, Cruel Captain",3,Legendary Planeswalker — Tezzeret,,EOE,2,Mythic,C,,Non-Foil,mainboard,false,https://cards.scryfall.io/normal/front/0/2/02e8e540-8aa3-4e6a-9a11-c3949cab5f0f.jpg?1782685585,,,,142617,false,false
Thaumaton Torpedo,1,Artifact,,EOE,246,Common,C,,Non-Foil,mainboard,false,https://cards.scryfall.io/normal/front/1/8/1817f1b5-960a-435c-bdec-8cc8cbcb3358.jpg?1782685413,,,,143105,false,false
Thawbringer,3,Creature — Insect Scout,G,EOE,211,Common,G,,Non-Foil,mainboard,false,https://cards.scryfall.io/normal/front/0/b/0b7f934f-8eb4-408b-a55f-245ec5cc4a8a.jpg?1782685438,,,,143035,false,false
The Dominion Bracelet,2,Legendary Artifact — Equipment,,EOE,239,Mythic,C,,Non-Foil,mainboard,false,https://cards.scryfall.io/normal/front/f/5/f5360880-2849-45d6-b1aa-08c7e01083af.jpg?1782685420,,,,143091,false,false
The Endstone,7,Legendary Artifact,,EOE,240,Mythic,C,,Non-Foil,mainboard,false,https://cards.scryfall.io/normal/front/a/4/a451a459-18e0-4c53-a171-3e9da534ebf1.jpg?1782685419,,,,143093,false,false
The Eternity Elevator,5,Legendary Artifact — Spacecraft,,EOE,241,Rare,C,,Non-Foil,mainboard,false,https://cards.scryfall.io/normal/front/1/b/1bb90ab9-43b9-4991-806a-0afc4d8caf5f.jpg?1782685418,,,,143095,false,false
The Seriema,3,Legendary Artifact — Spacecraft,W,EOE,35,Rare,W,,Non-Foil,mainboard,false,https://cards.scryfall.io/normal/front/d/e/dec91ec3-42d3-4922-96f0-dbb50a576084.jpg?1782685562,,,,142683,false,false
Thrumming Hivepool,6,Artifact,,EOE,247,Rare,C,,Non-Foil,mainboard,false,https://cards.scryfall.io/normal/front/8/5/85caf659-7b43-462e-a342-34703d46eb57.jpg?1782685413,,,,143107,false,false
Timeline Culler,2,Creature — Drix Warlock,B,EOE,121,Uncommon,B,,Non-Foil,mainboard,false,https://cards.scryfall.io/normal/front/3/3/33410410-72f2-49c4-9e63-a72202cd075a.jpg?1782685502,,,,142855,false,false
Tractor Beam,4,Enchantment — Aura,U,EOE,82,Uncommon,U,,Non-Foil,mainboard,false,https://cards.scryfall.io/normal/front/e/f/efc96d54-d6e1-49b6-b4c2-70b997776548.jpg?1782685530,,,,142777,false,false
Tragic Trajectory,1,Sorcery,B,EOE,122,Uncommon,B,,Non-Foil,mainboard,false,https://cards.scryfall.io/normal/front/7/8/78c8bc60-1378-4028-8ab1-3286e459bffb.jpg?1782685501,,,,142857,false,false
Umbral Collar Zealot,2,Creature — Human Cleric,B,EOE,123,Uncommon,B,,Non-Foil,mainboard,false,https://cards.scryfall.io/normal/front/b/b/bbcc1d84-9772-475d-924a-75bb54c9bc20.jpg?1782685500,,,,142859,false,false
Unravel,3,Instant,U,EOE,83,Uncommon,U,,Non-Foil,mainboard,false,https://cards.scryfall.io/normal/front/e/8/e8978214-c853-453d-872d-af56bdaaa3d7.jpg?1782685529,,,,142779,false,false
Uthros Psionicist,3,Creature — Jellyfish Scientist,U,EOE,84,Uncommon,U,,Non-Foil,mainboard,false,https://cards.scryfall.io/normal/front/e/2/e23cc5fd-afe4-480c-8858-ed80a082584e.jpg?1782685529,,,,142781,false,false
Uthros Scanship,4,Artifact — Spacecraft,U,EOE,85,Uncommon,U,,Non-Foil,mainboard,false,https://cards.scryfall.io/normal/front/1/f/1f93887f-35c5-472f-83d0-54227b3bd1d2.jpg?1782685528,,,,142783,false,false
"Uthros, Titanic Godcore",0,Land — Planet,,EOE,260,Mythic,U,,Non-Foil,mainboard,false,https://cards.scryfall.io/normal/front/1/1/11da39d6-cfa6-498d-91b1-11454cc7e5a3.jpg?1782685404,,,,143133,false,false
Vaultguard Trooper,5,Creature — Kavu Soldier,R,EOE,166,Uncommon,R,,Non-Foil,mainboard,false,https://cards.scryfall.io/normal/front/3/6/36afe3b1-43a2-47b4-bc0a-24efb1e2e5a0.jpg?1782685471,,,,142945,false,false
Virulent Silencer,3,Artifact Creature — Robot Assassin,,EOE,248,Uncommon,C,,Non-Foil,mainboard,false,https://cards.scryfall.io/normal/front/4/1/4120fcfc-3547-4774-a15d-b9cccac04e76.jpg?1782685412,,,,143109,false,false
Virus Beetle,2,Artifact Creature — Insect,B,EOE,124,Common,B,,Non-Foil,mainboard,false,https://cards.scryfall.io/normal/front/e/9/e96c986c-684c-4546-a9c9-b6b903bda101.jpg?1782685500,,,,142861,false,false
Voidforged Titan,5,Artifact Creature — Robot Warrior,B,EOE,125,Uncommon,B,,Non-Foil,mainboard,false,https://cards.scryfall.io/normal/front/6/1/6119c016-01b2-44f3-9550-6988324c1d1f.jpg?1782685500,,,,142863,false,false
Vote Out,4,Sorcery,B,EOE,126,Uncommon,B,,Non-Foil,mainboard,false,https://cards.scryfall.io/normal/front/4/f/4f50bb47-cc4d-4b81-b5f1-817ca8744d12.jpg?1782685499,,,,142865,false,false
Warmaker Gunship,3,Artifact — Spacecraft,R,EOE,167,Rare,R,,Non-Foil,mainboard,false,https://cards.scryfall.io/normal/front/9/e/9e5957f4-1cae-4989-8b40-27fc6e2fcf5e.jpg?1782685469,,,,142947,false,false
Watery Grave,0,Land — Island Swamp,,EOE,261,Rare,M,,Non-Foil,mainboard,false,https://cards.scryfall.io/normal/front/5/b/5b8170dc-6a90-46fc-9989-7575f3d402b5.jpg?1782685404,,,,143135,false,false
Weapons Manufacturing,2,Enchantment,R,EOE,168,Rare,R,,Non-Foil,mainboard,false,https://cards.scryfall.io/normal/front/a/0/a058f1a6-318c-4bba-981e-ace079ada806.jpg?1782685468,,,,142949,false,false
Wedgelight Rammer,4,Artifact — Spacecraft,W,EOE,43,Uncommon,W,,Non-Foil,mainboard,false,https://cards.scryfall.io/normal/front/2/c/2cb0984f-dc8b-4bb3-a4fd-8d6d4ae20198.jpg?1782685556,,,,142699,false,false
Weftblade Enhancer,6,Creature — Drix Artificer,W,EOE,44,Common,W,,Non-Foil,mainboard,false,https://cards.scryfall.io/normal/front/8/d/8d72b00c-5043-4630-949a-fc17eeb962bc.jpg?1782685556,,,,142701,false,false
Weftstalker Ardent,3,Creature — Drix Artificer,R,EOE,169,Uncommon,R,,Non-Foil,mainboard,false,https://cards.scryfall.io/normal/front/c/d/cddb48cc-8eb1-47ce-90f0-7aad1e93e2c4.jpg?1782685468,,,,142951,false,false
Weftwalking,6,Enchantment,U,EOE,86,Mythic,U,,Non-Foil,mainboard,false,https://cards.scryfall.io/normal/front/3/9/39d48ddd-4529-4284-9da3-5272ad362b9b.jpg?1782685526,,,,142785,false,false
Wurmwall Sweeper,2,Artifact — Spacecraft,,EOE,249,Common,C,,Non-Foil,mainboard,false,https://cards.scryfall.io/normal/front/9/a/9ace282a-5901-4d36-ad21-17eb88bc5138.jpg?1782685413,,,,143111,false,false
"Xu-Ifit, Osteoharmonist",3,Legendary Creature — Human Wizard,B,EOE,127,Rare,B,,Non-Foil,mainboard,false,https://cards.scryfall.io/normal/front/c/0/c0838f25-2193-4305-b73a-bf0c0bb4981a.jpg?1782685499,,,,142867,false,false
Zealous Display,3,Instant,W,EOE,45,Common,W,,Non-Foil,mainboard,false,https://cards.scryfall.io/normal/front/f/5/f5973fd3-d6bc-48f1-8a44-57d2a6dda228.jpg?1782685555,,,,142703,false,false
Zero Point Ballad,1,Sorcery,B,EOE,128,Rare,B,,Non-Foil,mainboard,false,https://cards.scryfall.io/normal/front/5/9/59cf9f4d-54cd-4cda-9726-65e16100ab46.jpg?1782685498,,,,142869,false,false
Zookeeper Mechan,2,Artifact Creature — Robot,R,EOE,170,Common,R,,Non-Foil,mainboard,false,https://cards.scryfall.io/normal/front/8/d/8d5cd0be-4337-4aba-a4f6-5adab7735a73.jpg?1782685468,,,,142953,false,false
Contaminated Aquifer,0,Land — Island Swamp,BU,DMU,245,Common,Lands,,Non-Foil,mainboard,false,https://assets.cubecobra.com/cardimages/6bb570f4-de68-4d8c-a9f3-8a3294163aa8/normal.webp,,,,,false,false
Geothermal Bog,0,Land — Swamp Mountain,BR,DMU,247,Common,Lands,,Non-Foil,mainboard,false,https://assets.cubecobra.com/cardimages/1e62fe57-4fa4-4bfd-8e31-9f6db774d7e2/normal.webp,,,,,false,false
Haunted Mire,0,Land — Swamp Forest,BG,DMU,248,Common,Lands,,Non-Foil,mainboard,false,https://assets.cubecobra.com/cardimages/16f5e958-56e6-4666-a534-24deba6f652d/normal.webp,,,,,false,false
Idyllic Beachfront,0,Land — Plains Island,UW,DMU,249,Common,Lands,,Non-Foil,mainboard,false,https://assets.cubecobra.com/cardimages/c50ec22c-decb-419f-ae52-78ea1706eb11/normal.webp,,,,,false,false
Molten Tributary,0,Land — Island Mountain,RU,DMU,251,Common,Lands,,Non-Foil,mainboard,false,https://assets.cubecobra.com/cardimages/20aff4af-5128-432f-a8c8-65b6909d31ac/normal.webp,,,,,false,false
Sacred Peaks,0,Land — Mountain Plains,RW,DMU,254,Common,Lands,,Non-Foil,mainboard,false,https://assets.cubecobra.com/cardimages/24957d64-ad17-4d4f-8a00-3cdd83e1ce88/normal.webp,,,,,false,false
Radiant Grove,0,Land — Forest Plains,GW,DMU,253,Common,Lands,,Non-Foil,mainboard,false,https://assets.cubecobra.com/cardimages/e0f9dca6-e5ae-4714-8a59-2ef1d8f1e82d/normal.webp,,,,,false,false
Sunlit Marsh,0,Land — Plains Swamp,BW,DMU,257,Common,Lands,,Non-Foil,mainboard,false,https://assets.cubecobra.com/cardimages/f0588fbf-3c05-452a-b3f7-67604c1f921d/normal.webp,,,,,false,false
Tangled Islet,0,Land — Forest Island,GU,DMU,258,Common,Lands,,Non-Foil,mainboard,false,https://assets.cubecobra.com/cardimages/4a325fb4-fe71-47f1-9a2f-05b8cfe88fe6/normal.webp,,,,,false,false
Wooded Ridgeline,0,Land — Mountain Forest,GR,DMU,260,Common,Lands,,Non-Foil,mainboard,false,https://assets.cubecobra.com/cardimages/e8e31184-dca4-48b1-be9d-581247c41d99/normal.webp,,,,,false,false
