name	CMC	Type	Color	Set	Collector Number	Rarity	Color Category	status	Finish	board	maybeboard	image URL	image Back URL	tags	Notes	MTGO ID	Custom	Voucher
Cleric of the Forward Order	2	Creature — Human Cleric	W	DMR	3	Common		Not Owned	Non-Foil	mainboard	false	https://cards.scryfall.io/normal/front/4/3/435b24ae-590f-4a79-8aeb-b006de6545ca.jpg?1675198771		Tribal/Kindred;Lifegain;Payload/Payoff;Life Drain		107495	false	false
Cleric of the Forward Order	2	Creature — Human Cleric	W	DMR	3	Common		Not Owned	Non-Foil	mainboard	false	https://cards.scryfall.io/normal/front/4/3/435b24ae-590f-4a79-8aeb-b006de6545ca.jpg?1675198771		Tribal/Kindred;Lifegain;Payload/Payoff;Life Drain		107495	false	false
Whitemane Lion	2	Creature — Cat	W	DMR	35	Common		Not Owned	Non-Foil	mainboard	false	https://cards.scryfall.io/normal/front/a/3/a358def9-65a0-4741-896c-b2a8c8947768.jpg?1675199118		Blink/ETB;Tribal/Kindred;Enabler/Fodder;Interaction/Disruption;Bounce		107559	false	false
Voice of All	4	Creature — Angel	W	DMR	34	Uncommon		Not Owned	Non-Foil	mainboard	false	https://cards.scryfall.io/normal/front/d/8/d84b1c31-fb33-4f5c-b766-6ca8ad6e0976.jpg?1675199107		Standalone Threat;Protection		107557	false	false
Voice of All	4	Creature — Angel	W	DMR	34	Uncommon		Not Owned	Non-Foil	mainboard	false	https://cards.scryfall.io/normal/front/d/8/d84b1c31-fb33-4f5c-b766-6ca8ad6e0976.jpg?1675199107		Standalone Threat;Protection		107557	false	false
Serra Angel	5	Creature — Angel	W	DMR	25	Uncommon		Not Owned	Non-Foil	mainboard	false	https://cards.scryfall.io/normal/front/f/9/f949cbb1-c8a8-4f26-b12d-c58a0605cb14.jpg?1675199013		Tribal/Kindred;Standalone Threat		107539	false	false
Lyra Dawnbringer	5	Legendary Creature — Angel	W	DMR	13	Mythic		Not Owned	Non-Foil	mainboard	false	https://cards.scryfall.io/normal/front/a/2/a2e0c8c5-ea0e-4347-b5cb-b7b1801a523b.jpg?1675198875		Tribal/Kindred;Lifegain;Standalone Threat;Payload/Payoff;Anthem Effect;Lifelink		107515	false	false
Kjeldoran Gargoyle	6	Creature — Gargoyle	W	DMR	11	Common		Not Owned	Non-Foil	mainboard	false	https://cards.scryfall.io/normal/front/6/c/6c090af7-3f75-4c14-9ab5-1f409dfd6de1.jpg?1675198852		Lifegain;Standalone Threat;Lifelink		107511	false	false
Kjeldoran Gargoyle	6	Creature — Gargoyle	W	DMR	11	Common		Not Owned	Non-Foil	mainboard	false	https://cards.scryfall.io/normal/front/6/c/6c090af7-3f75-4c14-9ab5-1f409dfd6de1.jpg?1675198852		Lifegain;Standalone Threat;Lifelink		107511	false	false
Serra Avatar	7	Creature — Avatar	W	DMR	26	Mythic		Not Owned	Non-Foil	mainboard	false	https://cards.scryfall.io/normal/front/5/0/5041dcfd-c1af-448c-91f7-75fd1d34e93e.jpg?1675199023		Lifegain;Standalone Threat;Library Shuffle on Death		107541	false	false
Swords to Plowshares	1	Instant	W	DMR	31	Uncommon		Not Owned	Non-Foil	mainboard	false	https://cards.scryfall.io/normal/front/7/d/7d839f21-68c7-47db-8407-ff3e2c3e13b4.jpg?1675199076		Interaction/Disruption;Targeted Removal		107551	false	false
Swords to Plowshares	1	Instant	W	DMR	31	Uncommon		Not Owned	Non-Foil	mainboard	false	https://cards.scryfall.io/normal/front/7/d/7d839f21-68c7-47db-8407-ff3e2c3e13b4.jpg?1675199076		Interaction/Disruption;Targeted Removal		107551	false	false
Wrath of God	4	Sorcery	W	DMR	37	Rare		Not Owned	Non-Foil	mainboard	false	https://cards.scryfall.io/normal/front/c/3/c3700519-b74c-4445-b42e-03690b8d4463.jpg?1675199137		Interaction/Disruption;Sweeper/Board Wipe		107563	false	false
Congregate	4	Instant	W	DMR	4	Uncommon		Not Owned	Non-Foil	mainboard	false	https://cards.scryfall.io/normal/front/8/9/89396f5e-5bc3-4c8a-976b-2cb2946eb35d.jpg?1675198780		Lifegain;Tokens;Payload/Payoff;Life Drain		107497	false	false
Congregate	4	Instant	W	DMR	4	Uncommon		Not Owned	Non-Foil	mainboard	false	https://cards.scryfall.io/normal/front/8/9/89396f5e-5bc3-4c8a-976b-2cb2946eb35d.jpg?1675198780		Lifegain;Tokens;Payload/Payoff;Life Drain		107497	false	false
Enlightened Tutor	1	Instant	W	DMR	6	Rare		Not Owned	Non-Foil	mainboard	false	https://cards.scryfall.io/normal/front/1/c/1c9675fb-1a89-420f-aea8-50e0642f549c.jpg?1675198797		Artifacts;Enchantress;Infrastructure/Consistency;Tutor		107501	false	false
Renewed Faith	3	Instant	W	DMR	23	Common		Not Owned	Non-Foil	mainboard	false	https://cards.scryfall.io/normal/front/a/7/a7d66dd3-330f-4b12-81f6-52d7a31013a9.jpg?1675198993		Lifegain;Interaction/Disruption;Infrastructure/Consistency;Life Drain;Card Draw		107535	false	false
Test of Endurance	4	Enchantment	W	DMR	32	Mythic		Not Owned	Non-Foil	mainboard	false	https://cards.scryfall.io/normal/front/7/6/76841945-8ff1-4c2d-895e-d1e2cf468cff.jpg?1675199087		Lifegain;Enchantress;Payload/Payoff;Alternate Win Condition		107553	false	false
Spirit Link	1	Enchantment — Aura	W	DMR	29	Common		Not Owned	Non-Foil	mainboard	false	https://cards.scryfall.io/normal/front/f/c/fc046a97-4699-438d-8da4-022560a18564.jpg?1675199056		Enchantress;Lifegain;Voltron/Equipment;Enabler/Fodder;Payload/Payoff;Lifelink		107547	false	false
Spirit Link	1	Enchantment — Aura	W	DMR	29	Common		Not Owned	Non-Foil	mainboard	false	https://cards.scryfall.io/normal/front/f/c/fc046a97-4699-438d-8da4-022560a18564.jpg?1675199056		Enchantress;Lifegain;Voltron/Equipment;Enabler/Fodder;Payload/Payoff;Lifelink		107547	false	false
Pacifism	2	Enchantment — Aura	W	DMR	19	Common		Not Owned	Non-Foil	mainboard	false	https://cards.scryfall.io/normal/front/5/2/5242a576-4d35-4f29-8d40-9a7179e51d0c.jpg?1675198947		Enchantress;Interaction/Disruption;Targeted Removal		107527	false	false
Pacifism	2	Enchantment — Aura	W	DMR	19	Common		Not Owned	Non-Foil	mainboard	false	https://cards.scryfall.io/normal/front/5/2/5242a576-4d35-4f29-8d40-9a7179e51d0c.jpg?1675198947		Enchantress;Interaction/Disruption;Targeted Removal		107527	false	false
Icy Manipulator	4	Artifact		DMR	225	Uncommon		Not Owned	Non-Foil	mainboard	false	https://cards.scryfall.io/normal/front/a/c/ac5a54ca-f175-4005-895f-d76effd6178e.jpg?1675201006		Artifacts;Stax/Taxing;Interaction/Disruption;Tap Effect		107979	false	false
Plains	0	Basic Land — Plains		DMR		Basic	L	Not Owned	Non-Foil	mainboard	false						false	false
Plains	0	Basic Land — Plains		DMR		Basic	L	Not Owned	Non-Foil	mainboard	false						false	false
Plains	0	Basic Land — Plains		DMR		Basic	L	Not Owned	Non-Foil	mainboard	false						false	false
Plains	0	Basic Land — Plains		DMR		Basic	L	Not Owned	Non-Foil	mainboard	false						false	false
Plains	0	Basic Land — Plains		DMR		Basic	L	Not Owned	Non-Foil	mainboard	false						false	false
Plains	0	Basic Land — Plains		DMR		Basic	L	Not Owned	Non-Foil	mainboard	false						false	false
Plains	0	Basic Land — Plains		DMR		Basic	L	Not Owned	Non-Foil	mainboard	false						false	false
Plains	0	Basic Land — Plains		DMR		Basic	L	Not Owned	Non-Foil	mainboard	false						false	false
Plains	0	Basic Land — Plains		DMR		Basic	L	Not Owned	Non-Foil	mainboard	false						false	false
Plains	0	Basic Land — Plains		DMR		Basic	L	Not Owned	Non-Foil	mainboard	false						false	false
Plains	0	Basic Land — Plains		DMR		Basic	L	Not Owned	Non-Foil	mainboard	false						false	false
Plains	0	Basic Land — Plains		DMR		Basic	L	Not Owned	Non-Foil	mainboard	false						false	false
Plains	0	Basic Land — Plains		DMR		Basic	L	Not Owned	Non-Foil	mainboard	false						false	false
Plains	0	Basic Land — Plains		DMR		Basic	L	Not Owned	Non-Foil	mainboard	false						false	false
Drifting Meadow	0	Land	W	DMR	245	Common		Not Owned	Non-Foil	mainboard	false	https://cards.scryfall.io/normal/front/8/c/8cb024fa-2df1-4414-b0d7-6f700d152c51.jpg?1675201190		Infrastructure/Consistency;Card Draw		108019	false	false
Drifting Meadow	0	Land	W	DMR	245	Common		Not Owned	Non-Foil	mainboard	false	https://cards.scryfall.io/normal/front/8/c/8cb024fa-2df1-4414-b0d7-6f700d152c51.jpg?1675201190		Infrastructure/Consistency;Card Draw		108019	false	false
Mishra's Factory	0	Land		DMR	251	Uncommon		Not Owned	Non-Foil	mainboard	false	https://cards.scryfall.io/normal/front/6/e/6e9fec20-a52c-42c0-9928-c572d9e1b21f.jpg?1675201251		Artifacts;Tribal/Kindred;Standalone Threat;Enabler/Fodder;Mana Ramp;Token Generation		108031	false	false
Tormod's Crypt	0	Artifact		DMR	235	Uncommon		Not Owned	Non-Foil	sideboard	false	https://cards.scryfall.io/normal/front/7/5/752bf493-5839-47e8-95f2-6d8201907428.jpg?1675201100		Artifacts;Graveyard;Interaction/Disruption;Graveyard Hate;Exile;Sacrifice Outlet		107999	false	false
Tormod's Crypt	0	Artifact		DMR	235	Uncommon		Not Owned	Non-Foil	sideboard	false	https://cards.scryfall.io/normal/front/7/5/752bf493-5839-47e8-95f2-6d8201907428.jpg?1675201100		Artifacts;Graveyard;Interaction/Disruption;Graveyard Hate;Exile;Sacrifice Outlet		107999	false	false
Damping Sphere	2	Artifact		DMR	219	Uncommon		Not Owned	Non-Foil	sideboard	false	https://cards.scryfall.io/normal/front/5/5/550860b4-887d-423a-8add-816c2a8da615.jpg?1675200943		Artifacts;Stax/Taxing;Interaction/Disruption;Tax Effect;Mana Restriction;Storm Hate		107967	false	false
Damping Sphere	2	Artifact		DMR	219	Uncommon		Not Owned	Non-Foil	sideboard	false	https://cards.scryfall.io/normal/front/5/5/550860b4-887d-423a-8add-816c2a8da615.jpg?1675200943		Artifacts;Stax/Taxing;Interaction/Disruption;Tax Effect;Mana Restriction;Storm Hate		107967	false	false
Remedy	2	Instant	W	DMR	22	Common		Not Owned	Non-Foil	sideboard	false	https://cards.scryfall.io/normal/front/9/7/9700fe0e-bf71-463b-ad7b-34831c7f9e99.jpg?1675198982		Interaction/Disruption;Damage Prevention		107533	false	false
Remedy	2	Instant	W	DMR	22	Common		Not Owned	Non-Foil	sideboard	false	https://cards.scryfall.io/normal/front/9/7/9700fe0e-bf71-463b-ad7b-34831c7f9e99.jpg?1675198982		Interaction/Disruption;Damage Prevention		107533	false	false
Nomad Decoy	3	Creature — Human Nomad	W	DMR	17	Common		Not Owned	Non-Foil	sideboard	false	https://cards.scryfall.io/normal/front/d/a/da039589-f3ee-4aff-b8b0-e5fda13ebe97.jpg?1675198921		Graveyard;Interaction/Disruption;Tap Effect		107523	false	false
Nomad Decoy	3	Creature — Human Nomad	W	DMR	17	Common		Not Owned	Non-Foil	sideboard	false	https://cards.scryfall.io/normal/front/d/a/da039589-f3ee-4aff-b8b0-e5fda13ebe97.jpg?1675198921		Graveyard;Interaction/Disruption;Tap Effect		107523	false	false
Radiant's Judgment	3	Instant	W	DMR	21	Common		Not Owned	Non-Foil	sideboard	false	https://cards.scryfall.io/normal/front/5/a/5abbdd37-dc24-4bf7-808e-6354af7d7ec6.jpg?1675198972		Interaction/Disruption;Infrastructure/Consistency;Targeted Removal;Card Draw		107531	false	false
Radiant's Judgment	3	Instant	W	DMR	21	Common		Not Owned	Non-Foil	sideboard	false	https://cards.scryfall.io/normal/front/5/a/5abbdd37-dc24-4bf7-808e-6354af7d7ec6.jpg?1675198972		Interaction/Disruption;Infrastructure/Consistency;Targeted Removal;Card Draw		107531	false	false
